DFN,Family Number,Nest Location,Nest Number,Year,Gender,Band #,Color Band,Brood Size,Collection Date,Indivdiual -- DO NOT CHANGE GOES with Genetic Data,PCR Locus 18,PCR Locus 18,PCR Locus 83,PCR Locus 83,PCR Locus 95,Genotyped 95,,,,,,,,,,,,,,,,,
1,YM1_2010,N Baseball Stadium,YM 1,2009,Female,199117981,BA/ BLBL,3,1-Jun,F1 (l. y.),148,156,151,173,196,217,,,,,,,,,,,,,,,,,
1,YM1_2009,N Baseball Stadium,YM 1,2009,Male,129271915,BA/ BLG,3,1-Jun,M1 (l. y.),156,162,154,176,199,223,,,,,,,,,,,,,,,,,
1,YM1_2009,N Baseball Stadium,YM 1,2009,Nestling,129271917,Metal Band Only,3,4-Jun,"A1 (l. y.), new too",148,162,154,173,199,223,,,,,,,,,,,,,,,,,
1,YM1_2009,N Baseball Stadium,YM 1,2009,Nestling,129271918,Metal Band Only,3,4-Jun,"B1 (l. y.), new too",148,156,151,176,205,229,,,,,,,,,,,,,,,,,
1,YM1_2009,N Baseball Stadium,YM 1,2009,Nestling,129271919,Metal Band Only,3,4-Jun,C1 (l. y.),148,162,151,173,203,203,,,,,,,,,,,,,,,,,
2,APS12_2009,PNR Garage,APS12,2009,Nestling,129271920,,,"June 8, 2009",,150,150,160,182,214,235,,,,,,,,,,,,,,,,,
2,APS12_2009,PNR Garage,APS12,2009,Female,199117973,BA/ BLPK,,"June 8, 2009",,148,151,161,167,213,219,,,,,,,,,,,,,,,,,
3,MMW6_2009,Jennings,"GL 27, MMW 6",2009,Female,199117855,AG/ YB,2,"June 1, 2009",,165,171,173,176,225,228,,,,,,,,,,,,,,,,,
3,GL27_2009,NE Jennings ,GL27,2009,Nestling,129271924,Metal Band Only,2,1-Jun,A3,148,156,154,170,206,206,,,,,,,,,,,,,,,,,
3,GL27_2009,NE Jennings ,GL27,2009,Nestling,129271925,Metal Band Only,2,1-Jun,B3,148,156,154,170,206,206,,,,,,,,,,,,,,,,,
4,,VA Hospital,MW 11,2009,Nestling,129271942,Metal Band Only,3,15-Jul,A4 (l. y.),151,158,148,176,200,228,,,,,,,,,,,,,,,,,
4,,VA Hospital,MW 11,2009,Nestling,129271944,Metal Band Only,3,15-Jul,B4 (l. y.),151,158,148,176,200,228,,,,,,,,,,,,,,,,,
4,,VA Hospital,MW 11,2009,Nestling,129271945,Metal Band Only,3,15-Jul,C4 (l. y.),151,153,151,154,203,206,,,,,,,,,,,,,,,,,
4,,VA Hospital,OT,2009,Male,199117972,BA/ BLY,3,14-Jun,M4 (l. y.),156,165,148,158,200,210,,,,,,,,,,,,,,,,,
4,,VA Hospital,OT,2009,Female,129271921,RA/ YW,3,14-Jun,F4 (l. y.),148,165,151,161,204,212,,,,,,,,,,,,,,,,,
5,MK9_2009,S Hub,MK9_2009,2009,Male,199117784,BA/ GW,3,"May 21, 2009",M5 (l. y.),152,168,161,170,213,222,,,,,,,,,,,,,,,,,
5,MK9_2009,S Hub,MK9_2009,2009,Female,199117782,BA/BLR,3,"May 21, 2009",F5 (l. y.),150,156,169,175,223,229,,,,,,,,,,,,,,,,,
5,MK9_2009,S Hub ,MK9_2009,2009,Nestling,129271903,-,3,"May 24, 2009",A5 (l. y.),150,168,161,170,212,222,,,,,,,,,,,,,,,,,
5,MK9_2009,S Hub ,MK9_2009,2009,Nestling,129271902,-,3,"May 24, 2009",B5 (l. y.),148,168,170,176,222,228,,,,,,,,,,,,,,,,,
5,MK9_2009,S Hub ,MK9_2009,2009,Nestling,129271901,-,,"May 24, 2009",,156,168,166,169,223,223,,,,,,,,,,,,,,,,,
6,MK6_2009,FL Gym,MK6,2009,Male,129271992,RA/ YPK,2,"May 24, 2009",M6 (l. y.),148,158,154,185,207,237,,,,,,,,,,,,,,,,,
6,MK6_2009,FL Gym,MK6,2009,Female,129271954,RA/ RY,2,"May 24, 2009",F6 (l. y.),145,148,164,176,216,228,,,,,,,,,,,,,,,,,
6,MK6_2009,Fl Gym,MK6,2009,Nestling,none given ,NO METAL BAND,2,"May 30, 2009",A6 (l. y.),148,165,164,176,206,206,,,,,,,,,,,,,,,,,
6,MK6_2009,Fl Gym,MK6,2009,Nestling,none given ,NO METAL BAND,2,"May 30, 2009",B6 (l. y.),145,153,154,176,206,206,,,,,,,,,,,,,,,,,
7,YM2_2009,O Connel Center,YM2_2009,2009,Female,199117978,BA/ YW,3,"June 24, 2009",F7 (l. y.),151,168,148,173,200,225,,,,,,,,,,,,,,,,,
7,YM2_2009,O'Connell Center,YM2_2009,2009,Nestling,129271938,No metal Band,3,"July 7, 2009",A7,151,151,148,173,200,225,,,,,,,,,,,,,,,,,
7,YM2_2009,O'Connell Center,YM2_2009,2009,Nestling,129271939,No metal Band,3,"July 7, 2009",B7,151,168,148,173,200,225,,,,,,,,,,,,,,,,,
7,YM2_2009,O'Connell Center,YM2_2009,2009,Nestling,129271940,No metal Band,3,"July 7, 2009",C7,151,168,173,173,225,225,,,,,,,,,,,,,,,,,
8,JU43_2007,N. Hume Hall,JU43,2007,Female,199117948,YA/ BW,2?,"July 9, 2007",F8 (l. y.),153,156,160,180,213,231,,,,,,,,,,,,,,,,,
8,JU43_2007,,JU43,2007,,123279013,,,"July 12, 2007",,151,165,160,160,212,212,,,,,,,,,,,,,,,,,
8,EXTRA NESTLINGS?,N Hume Hall,JU 43,2007,Nestling,No metal Band,No metal Band,2?,?,B8,-9,-9,154,160,-9,-9,,,,,,,,,,,,,,,,,
8,,N Hume Hall,JU 43,2007,Nestling,123279124,No metal Band,2?,12-Jul,A8,151,165,160,160,212,212,,,,,,,,,,,,,,,,,
9,JU41_2007,W Elmor Hall,JU 41,2007,Female,199117756,YA/ RPK,2,30-Jun,F9 (l. y.),148,153,170,176,222,228,,,,,,,,,,,,,,,,,
9,JU41_2007,W Elmore Hall,JU41,2007,Nestling,123279196,,,"June 7, 2007",B9,148,156,170,173,222,225,,,,,,,,,,,,,,,,,
9,EXTRA NESTLING,,,,Nestling,No metal Band?,No metal Band,3?,?,C9,148,156,170,173,222,225,,,,,,,,,,,,,,,,,
9,JU41_2007,W Elmore Hall,JU41,2007,Nestling,123279195,,,"June 7, 2007",A9,151,157,170,173,222,225,,,,,,,,,,,,,,,,,
10,EXTRA NESTLING,,,,Nestling,-,,2?,?,B10,148,165,151,176,203,228,,,,,,,,,,,,,,,,,
10,,N McCarty A,MH 41,2007,Female,??,AB/ BKPK,2,30-Jun,F10 (l. y.),145,148,151,158,204,210,,,,,,,,,,,,,,,,,
10,,N McCarty A,MH 41,2007,Nestling,123279198,No metal Band,2?,3-Jul,A10,148,165,170,182,-9,-9,,,,,,,,,,,,,,,,,
11,,Law School,MH 31,2007,Female,199117754,AW/ WPK,3,26-Jun,F11 (l. y.),-9,-9,173,179,225,231,,,,,,,,,,,,,,,,,
11,,Law School,MH 31,2007,Nestling,123279184,,,26-Jun,A11,148,165,151,176,203,228,,,,,,,,,,,,,,,,,
11,,Law School,MH 31,2007,Nestling,123279185,,,26-Jun,B11,171,-9,164,176,215,228,,,,,,,,,,,,,,,,,
12,MH28_2007,McCarty D,MH28,2007,Female,199117946,AW/WR,4,28-May,F12 (l. y.),151,174,155,182,207,234,,,,,,,,,,,,,,,,,
12,MH28_2007,McCarty D,MH28,2007,Nestling,123279145,No metal Band,4,31-May,A12,151,174,160,182,212,234,,,,,,,,,,,,,,,,,
12,MH28_2007,McCarty D,MH28,2007,Nestling,123279146,No metal Band,4,31-May,B12,151,168,176,182,228,234,,,,,,,,,,,,,,,,,
13,MH29_2007,Stadium,MH 29,2007,Nestling,123279151,,,"June 5, 2007",A13,151,165,182,185,234,237,,,,,,,,,,,,,,,,,
13,MH29_2007,Stadium,MH 29,2007,Nestling,123279152,,,"June 5, 2007",B13,151,165,181,184,234,237,,,,,,,,,,,,,,,,,
13,MH29_2007,Stadium,MH 29,2007,Nestling,123279155,,,"June 5, 2007",C13,151,168,164,167,214,218,,,,,,,,,,,,,,,,,
13,MH29_2007,Stadium,MH 29,2007,Nestling,123279154,,,"June 5, 2007",D13,148,148,167,185,218,237,,,,,,,,,,,,,,,,,
13,MH29_2007,W Stadium,MH29,2007,Female,199117930,AR/ GY,4,"June 4, 2007",F13 (l. y.),151,168,167,182,219,234,,,,,,,,,,,,,,,,,
14,EXTRA NESTLING?,,,,Nestling,,,,,B14,156,168,173,182,-9,-9,,,,,,,,,,,,,,,,,
14,,S Broward Dorm,GL 20,2007,Female,199117752,AW/WG,2,"June 11, 2007",F14 (l. y.),156,171,151,154,203,207,,,,,,,,,,,,,,,,,
14,,S Broward Dorm,GL 20,2007,Nestling,123279170,,,16-Jun,A14,-9,-9,154,176,-9,-9,,,,,,,,,,,,,,,,,
15,,N MAEA,GL 24,2007,Female,,AB/ YW,2,11-Jun,F15 (l. y.),148,168,161,173,213,255,,,,,,,,,,,,,,,,,
15,GL24_2007,North Mechanical and aerospace A,GL24,2007,Nestling,123279168,,,"June 13, 2007",A15,148,156,173,179,225,231,,,,,,,,,,,,,,,,,
15,GL24_2007,North Mechanical and aerospace A,GL24,2007,Nestling,123279169,,,"June 13, 2007",B15,148,156,173,179,225,231,,,,,,,,,,,,,,,,,
15,GL24_2007,North Mechanical and aerospace A,GL24,2007,Nestling,199117912,,,"June 11, 2007",,148,168,161,173,213,255,,,,,,,,,,,,,,,,,
16,EXTRA NESTLING??,,EXTRA NESTLING??,EXTRA NESTLING??,Nestling,EXTRA NESTLING??,EXTRA NESTLING??,EXTRA NESTLING??,EXTRA NESTLING??,C16,151,155,151,179,203,231,,,,,,,,,,,,,,,,,
16,,Telecom,JU 45,2007,Female,,YA/RW,4,2-Jul,F16 (l. y.),151,155,173,179,225,231,,,,,,,,,,,,,,,,,
16,,Telecom,JU 45,2007,Nestling,123279199,,,5-Jul,A16,148,155,167,173,219,225,,,,,,,,,,,,,,,,,
16,,Telecom,JU 45,2007,Nestling,123279200,,,5-Jul,B16,151,155,151,179,203,231,,,,,,,,,,,,,,,,,
17,EXTRA NESTLING??,,EXTRA NESTLING??,EXTRA NESTLING??,Nestling,EXTRA NESTLING??,EXTRA NESTLING??,EXTRA NESTLING??,EXTRA NESTLING??,B17,158,165,161,173,-9,-9,,,,,,,,,,,,,,,,,
17,,Library West,GL 30,2007,Female,,YA/BLPK,1,12-Jul,F17 (l. y.),153,156,154,161,207,213,,,,,,,,,,,,,,,,,
17,,Library West,GL 30,2007,Nestling,,,,13-Jul,A17,-9,-9,154,160,-9,-9,,,,,,,,,,,,,,,,,
18,JU3_2008,North Music Building,JU3_2008,2008,Female,199117761,BA/BPK,2,10-Apr,F18,156,156,160,178,214,232,,,,,,,,,,,,,,,,,
18,JU3_2008,Music Building N,JU3_2008,2008,Nestling,123279020,,,"April 11, 2008",,153,156,151,185,206,222,,,,,,,,,,,,,,,,,
18,JU3_2008,Music Building N,JU3_2008,2008,Nestling,123279021,,,"April 11, 2008",,151,156,167,176,206,206,,,,,,,,,,,,,,,,,
18,,Music Building,JU 3,2008,Nestling,,,,11-Apr,A18,153,156,151,185,206,222,,,,,,,,,,,,,,,,,
18,,Music Building,JU 3,2008,Nestling,,,,11-Apr,B18,151,156,167,176,206,206,,,,,,,,,,,,,,,,,
19,GL2_2008,SW Hub,GL2,2008,Nestling,123279046,-,,"May 9, 2008",A19,145,148,151,154,223,226,,,,,,,,,,,,,,,,,
19,GL2_2008,SW Hub,GL2,2008,Nestling,123279048,-,,"May 9, 2008",B19,145,165,151,154,222,234,,,,,,,,,,,,,,,,,
19,GL2_2008,SW Hub,GL2,2008,Nestling,123279049,-,,"May 9, 2008",C19,156,165,151,154,222,225,,,,,,,,,,,,,,,,,
19,,SW Hub,GL 2,2008,Female,199117910,AB/?R,3,7-May,F19,148,165,154,154,223,229,,,,,,,,,,,,,,,,,
20,EXTRA NESTLING??,,EXTRA NESTLING??,EXTRA NESTLING??,Nestling,EXTRA NESTLING??,EXTRA NESTLING??,EXTRA NESTLING??,EXTRA NESTLING??,C20,148,151,170,173,222,231,,,,,,,,,,,,,,,,,
20,,NW Library West,GL 30,2008,Female,199117768,BA/ BW,3,16-Jun,M20,148,156,170,179,222,225,,,,,,,,,,,,,,,,,
20,,NW Library West,GL 30,2008,Nestling,123279397,,,21-Jun,A20,148,151,173,179,222,225,,,,,,,,,,,,,,,,,
20,,NW Library West,GL 30,2008,Nestling,123279398,,,21-Jun,B20,151,156,169,173,225,231,,,,,,,,,,,,,,,,,
21,GL13B_2008,SE Music,GL13B,2008,Nestling,123279070,-,,"May 25, 2008",,148,154,172,178,226,232,,,,,,,,,,,,,,,,,
21,GL13B_2008,SE Music,GL13B,2008,Nestling,123279071,-,,"May 25, 2008",A21,153,156,172,172,203,206,,,,,,,,,,,,,,,,,
21,GL13B_2008,SE Music,GL13B,2008,Nestling,123279072,-,,"May 25, 2008",B21,153,153,170,176,203,206,,,,,,,,,,,,,,,,,
21,GL13B_2008,SE Music,GL13B,2008,Female,199117880,BA/RB,,"May 21, 2008",F21,151,156,170,173,226,232,,,,,,,,,,,,,,,,,
22,GL20_2008,Tigert Hall,GL20,2008,Female,199117765,BKA/ YG,4,5-Jun,F22,150,174,154,181,206,206,,,,,,,,,,,,,,,,,
22,GL20_2008,Tigert Hall,GL20,2008,Nestling,123279083,-,,"June 7, 2008",,150,169,175,181,229,235,,,,,,,,,,,,,,,,,
22,GL20_2008,Tigert Hall,GL20,2008,Nestling,123279084,-,,"June 7, 2008",,150,169,154,160,208,214,,,,,,,,,,,,,,,,,
22,GL20_2008,Tigert Hall,GL20,2008,Nestling,123279085,-,,"June 7, 2008",A22,148,168,154,154,219,228,,,,,,,,,,,,,,,,,
22,GL20_2008,Tigert Hall,GL20,2008,Nestling,123279086,-,,"June 7, 2008",B22,148,168,154,170,203,203,,,,,,,,,,,,,,,,,
23,RH2_2008,Broward Dorm,RH 2,2008,Female,199117762,AW/ WBK,4,28-Apr,F23,151,148,161,167,228,228,,,,,,,,,,,,,,,,,
23,RH2_2008,Broward Dorm,RH 2,2008,Nestling,123279042,,,29-Apr,A23,151,168,154,167,206,212,,,,,,,,,,,,,,,,,
23,RH2_2008,Broward Dorm,RH 2,2008,Nestling,123279043,,,29-Apr,B23,151,165,154,167,225,231,,,,,,,,,,,,,,,,,
23,RH2_2008,Broward Dorm,RH 2,2008,Nestling,123279044,,,29-Apr,C23,151,168,154,167,212,225,,,,,,,,,,,,,,,,,
23,RH2_2008,Broward Dorm,RH 2,2008,Nestling,123279045,,,29-Apr,D23,148,165,154,167,203,206,,,,,,,,,,,,,,,,,
24,,SE Architecture,GL 28,2008,Female,199117774,APK/ PKY,1,12-Jun,F24,148,152,170,182,222,234,,,,,,,,,,,,,,,,,
24,,SE Architecture,GL 28,2008,Nestling,123279396,,,17-Jun,A24,145,148,173,182,225,234,,,,,,,,,,,,,,,,,
24,,SE Architecture,GL 28,2008,Nestling,123279395,,,16-Jun,B24,145,148,170,182,222,234,,,,,,,,,,,,,,,,,
24,,,,,Nestling,,,,,C24,145,148,182,182,234,234,,,,,,,,,,,,,,,,,
25,,SW Chem Research,GL 22,2008,Female,199117927,APK/ PKPK,2,28-May,F25,-9,-9,167,182,-9,-9,,,,,,,,,,,,,,,,,
25,,MALE??,,,,,,,7-Jun,M25,148,165,164,185,215,237,,,,,,,,,,,,,,,,,
25,,,,,Nestling,123279087,,,7-Jun,A25,-9,-9,164,182,-9,-9,,,,,,,,,,,,,,,,,
25,,,,,Nestling,123279088,,,,B25,148,168,167,185,-9,-9,,,,,,,,,,,,,,,,,
25,,EXTRA NESTLIE?,,,Nestling,,,,,C25,-9,-9,167,185,234,237,,,,,,,,,,,,,,,,,
26,MH13_2008,E Brain Institute,MH13_2008,2008,Female,199117924,AG/RW,,"May 28, 2008",F26,148,165,154,176,226,232,,,,,,,,,,,,,,,,,
26,MH13_2008,E Brain Institute ,MH13_2008,2008,Nestling,123279073,-,,"May 28, 2008",A26,151,165,154,154,219,234,,,,,,,,,,,,,,,,,
26,MH13_2008,E Brain Institute ,MH13_2008,2008,Nestling,123279074,-,,"May 28, 2008",B26,148,156,154,154,205,232,,,,,,,,,,,,,,,,,
26,MH13_2008,E Brain Institute ,MH13_2008,2008,Nestling,123279075,-,,"May 28, 2008",C26,150,156,176,154,226,232,,,,,,,,,,,,,,,,,
26,,EXTRA NESTLING??,EXTRA NESTLING??,,Nestling?,,,,,D26,148,151,154,176,222,228,,,,,,,,,,,,,,,,,
27,GL17_2008,McCarthy,GL17,2008,Female,199117913,AR/ RPK,,28-May,M27,153,165,154,176,206,228,,,,,,,,,,,,,,,,,
27,GL17_2008,NW McCarty A,GL17,2008,Nestling,123279076,,,"May 31, 2008",,152,164,154,172,206,224,,,,,,,,,,,,,,,,,
27,GL17_2008,NW McCarty A ,GL17 ,2008,Nestling,123279077,,,"May 31, 2008",A27,145,165,154,176,206,228,,,,,,,,,,,,,,,,,
27,GL17_2008,NW McCarty A ,GL17 ,2008,Nestling,123279078,,,"May 31, 2008",B27,145,165,-9,-9,206,228,,,,,,,,,,,,,,,,,
27,EXTRA NESTLINGS?,,,,Nestling,,,,,C27,148,154,164,176,215,228,,,,,,,,,,,,,,,,,
27,EXTRA NESTLINGS?,,,,Nestling,,,,,D27,145,165,154,154,206,228,,,,,,,,,,,,,,,,,
28,SS2_2013,Correy Village,SS2_2013,2013,Female,1961372801,YA/YPK,,"May 26, 2013",,150,168,151,154,205,208,,,,,,,,,,,,,,,,,
28,SS2_2013,Correy Village,SS2_2013,2013,Nestling,129271217,-,,"May 30, 2013",,150,156,151,169,205,223,,,,,,,,,,,,,,,,,
28,SS2_2013,Correy Village ,SS2_2013,2013,Nestling,129271215,-,,"May 30, 2013",,150,152,151,175,205,229,,,,,,,,,,,,,,,,,
29,ZZ12_2013,Mount Vernon,ZZ12_2012,2013,Female,196172810,RA/GY,,"June 30, 2013",,146,152,169,175,223,229,,,,,,,,,,,,,,,,,
29,ZZ12_2013,Mount Vernon,ZZ12_2013,2013,Nestling,129271242,-,,"July 5, 2013",,142,150,172,175,229,229,,,,,,,,,,,,,,,,,
29,ZZ12_2013,Mount Vernon,ZZ12_2013,2013,Nestling,129271243,-,,"July 5, 2013",,152,152,163,169,217,223,,,,,,,,,,,,,,,,,
29,ZZ12_2013,Mount Vernon,ZZ12_2013,2013,Nestling,129271244,-,,"July 5, 2013",,146,148,175,178,229,229,,,,,,,,,,,,,,,,,
30,ZZ13_2013,Mount Vernon,ZZ13_2013,2013,Nestling,129271251,-,,"July 17, 2013",,146,154,148,160,202,214,,,,,,,,,,,,,,,,,
30,ZZ13_2013,Mount Vernon,ZZ13_2013,2013,Nestling,129271252,-,,"July 17, 2013",,148,148,148,160,202,214,,,,,,,,,,,,,,,,,
31,AF2_2013,Agricultural Research Center,AF2,2013,Nestling,129271229,-,,"June 17, 2013",,156,168,160,166,214,220,,,,,,,,,,,,,,,,,
31,AF2_2013,Agricultural Research Center,AF2,2013,Nestling,129271230,-,,"June 17, 2013",,150,156,157,166,214,217,,,,,,,,,,,,,,,,,
31,AF2_2013,Agricultural Research Center,AF2,2013,Nestling,129271231,-,,"June 17, 2013",,150,156,166,184,220,238,,,,,,,,,,,,,,,,,
31,AF2_2013,Agricultural Research Center,AF2,2013,Female,1961372808,RA/GR,,"June 17, 2013",,156,156,160,172,217,220,,,,,,,,,,,,,,,,,
32,ER25_2014,Center & Museum,ER25,2014,Adult,129271431,,,"July 3, 2014",,151,157,160,172,214,226,,,,,,,,,,,,,,,,,
32,ER25_2014,Museum,ER25,2014,Adult,196172824,,,"June 30, 2014",,151,158,148,160,202,214,,,,,,,,,,,,,,,,,
32,ER25_2014,Center & Museum,ER25,2014,Nestling,129271428,,,"July 3, 2014",,157,158,148,175,202,229,,,,,,,,,,,,,,,,,
32,ER25_2014,Center & Museum,ER25,2014,Nestling,129271429,,,"July 3, 2014",,151,170,160,175,214,229,,,,,,,,,,,,,,,,,
32,ER25_2014,Center & Museum,ER25,2014,Nestling,129271430,,,"July 3, 2014",,151,170,148,175,202,229,,,,,,,,,,,,,,,,,
33,ER27_2014,Vet school,ER27,2014,Nestling,129271454,,,"July 17, 2014",,146,152,154,169,206,222,,,,,,,,,,,,,,,,,
33,ER27_2014,Vet school,ER27,2014,Nestling,129271455,,,"July 17, 2014",,144,166,154,154,206,206,,,,,,,,,,,,,,,,,
33,ER27_2014,Vet school,ER27,2014,Nestling,129271456,,,"July 17, 2014",,144,144,154,154,206,206,,,,,,,,,,,,,,,,,
33,ER27_2014,Vet school,ER27,2014,Adult,196172827,,,"July 15, 2014",,168,168,154,169,206,222,,,,,,,,,,,,,,,,,
34,ER32_2014,Gale across Physics,ER32,2014,Nestling,129271439,,,"July 7, 2014",,154,166,169,181,223,235,,,,,,,,,,,,,,,,,
34,ER32_2014,Gale across Physics,ER32,2014,Nestling,129271440,,,"July 7, 2014",,154,166,154,175,208,241,,,,,,,,,,,,,,,,,
34,ER32_2014,Gale across Physics,ER32,2014,Nestling,129271441,,,"July 7, 2014",,156,166,166,178,223,235,,,,,,,,,,,,,,,,,
34,ER32_2014,Gale across Physics,ER32,2014,Nestling,129271442,,,"July 7, 2014",,170,172,181,181,235,241,,,,,,,,,,,,,,,,,
34,ER32_2014,Gale across Physics,ER32,2014,Adult,196172826,,,"July 6, 2014",,154,166,154,181,208,235,,,,,,,,,,,,,,,,,
35,AC11_2013,Water Rec,AC11,2013,Nestling,129271236,-,,"July 1, 2013",,146,158,154,172,208,226,,,,,,,,,,,,,,,,,
35,AC11_2013,Water Rec,AC11,2013,Nestling,129271237,-,,"July 1, 2013",,146,168,154,172,208,226,,,,,,,,,,,,,,,,,
35,AC11_2013,Water Rec,AC11,2013,Nestling,129271238,-,,"July 1, 2013",,158,176,154,172,199,220,,,,,,,,,,,,,,,,,
35,AC11_2013,Gale Lemerand Parking,AC11,2013,Female,1961372809,RA/GG,,"June 25, 2013",,144,176,172,172,226,226,,,,,,,,,,,,,,,,,
36,AC3_2013,Architecture building,AC3,2013,Nestling,129271212,-,,"May 30, 2013",,154,168,172,181,226,235,,,,,,,,,,,,,,,,,
36,AC3_2013,Architecture building,AC3,2013,Nestling,129271213,-,,"May 30, 2013",,158,158,181,184,235,238,,,,,,,,,,,,,,,,,
36,AC3_2013,Architecture building,AC3,2013,Nestling,129271214,-,,"May 30, 2013",,156,168,175,184,229,238,,,,,,,,,,,,,,,,,
36,AC3_2013,Architecture building,AC3,2013,Female,1961372802,YA/YW,,"May 6, 2013",,153,168,175,181,229,235,,,,,,,,,,,,,,,,,
37,AC8_2013,Water Rec S Bush,AC8,2013,Nestling,129271222,-,,"June 7, 2013",,148,164,166,181,220,235,,,,,,,,,,,,,,,,,
37,AC8_2013,Water Rec S Bush,AC8,2013,Nestling,129271223,-,,"June 7, 2013",,157,157,-9,-9,220,235,,,,,,,,,,,,,,,,,
37,AC8_2013,Water Rec S Bush,AC8,2013,Nestling,129271224,-,,"June 7, 2013",,148,164,166,181,220,235,,,,,,,,,,,,,,,,,
37,AC8_2013,Water Rec S Bush,AC8,2013,Nestling,129271225,-,,"June 7, 2013",,164,164,151,181,205,235,,,,,,,,,,,,,,,,,
37,AC8_2013,Water Rec,AC8,2013,Female,1961372803,BA/RPK,,"June 5, 2013",,157,164,151,166,205,220,,,,,,,,,,,,,,,,,
38,APS1_2010,SW rec,APS1,2010,Nestling,129271200,-,2,"April 14, 2010",,153,157,169,181,223,235,,,,,,,,,,,,,,,,,
38,APS1_2010,SW rec,APS1,2010,Nestling,129271201,-,2,"April 14, 2010",,151,153,169,175,223,229,,,,,,,,,,,,,,,,,
38,APS1_2010,SW Rec Bus Stop,APS1,2010,Female,199117985,RA/YG,,"April 14, 2010",,150,156,170,173,223,226,,,,,,,,,,,,,,,,,
39,BW1_2010,Track Field Entrance,BW1,2010,Female,129271948,RA/YR,,"April 3, 2010",,148,164,154,154,208,208,,,,,,,,,,,,,,,,,
39,BW1_2010,Track Field Entrance,BW1,2010,Nestling,129271949,NOT ENTERED,,"April 3, 2010",,146,148,150,154,205,208,,,,,,,,,,,,,,,,,
39,BW1_2010,Track Field Entrance,BW1,2010,Nestling,129271950,NOT ENTERED,,"April 3, 2010",,144,162,150,154,205,208,,,,,,,,,,,,,,,,,
39,BW1_2010,Track Field Entrance,BW1,2010,Nestling,129271951,NOT ENTERED,,"April 3, 2010",,156,164,150,154,205,208,,,,,,,,,,,,,,,,,
40,BW20_2010,Law School,BW20,2010,Nestling,129271105,,,"May 24, 2010",,152,166,154,154,205,208,,,,,,,,,,,,,,,,,
40,BW20_2010,Law School,BW20,2010,Nestling,129271106,,,"May 24, 2010",,150,158,154,175,206,228,,,,,,,,,,,,,,,,,
40,BW20_2010,Law School,BW20,2010,Nestling,129271107,,,"May 24, 2010",,150,164,154,175,205,208,,,,,,,,,,,,,,,,,
40,BW20_2010,Law School,BW20,2010,Nestling,129271108,,,"May 24, 2010",,150,152,154,175,205,208,,,,,,,,,,,,,,,,,
40,BW20_2010,Law School,BW20,2010,Female,199117773,GA/RB,,"May 24, 2010",,150,166,154,154,205,208,,,,,,,,,,,,,,,,,
41,BW25_2010,North Hall by Tolbert,BW25,2010,Nestling,129271109,,,"May 28, 2010",,146,150,173,183,226,235,,,,,,,,,,,,,,,,,
41,BW25_2010,North Hall by Tolbert,BW25,2010,Nestling,129271111,,,"May 28, 2010",,146,150,170,183,222,234,,,,,,,,,,,,,,,,,
41,BW25_2010,North Hall by Tolbert,BW25,2010,Nestling,129271112,,,"May 28, 2010",,146,150,169,173,234,234,,,,,,,,,,,,,,,,,
41,BW25_2010,North Hall,BW25,2010,Female,199117772,GA/RR,,"May 24, 2010",,142,144,157,169,223,223,,,,,,,,,,,,,,,,,
42,BW31_2010,Hedge by Maguire,BW31,2010,Nestling,129271144,,,"June 24, 2010",,144,156,166,176,220,229,,,,,,,,,,,,,,,,,
42,BW31_2010,Hedge by Maguire,BW31,2010,Nestling,129271145,,,"June 24, 2010",,156,162,176,185,229,238,,,,,,,,,,,,,,,,,
42,BW31_2010,Mcguire Field ,BW31,2010,Female,199117950,YA/BLW,,"July 17, 2007",,166,166,176,176,229,229,,,,,,,,,,,,,,,,,
42,BW31_2010,Hedge by Maguire,BW31,2010,Nestling,129271143,,,"June 24, 2010",,156,162,166,176,220,229,,,,,,,,,,,,,,,,,
43,CH11_2012,music building,CH11,2012,Nestling,129271077,-,,"May 30, 2012",,152,152,169,184,223,238,,,,,,,,,,,,,,,,,
43,CH11_2012,music building,CH11,2012,Nestling,129271078,-,,"May 30, 2012",,150,156,160,169,214,223,,,,,,,,,,,,,,,,,
43,CH11_2012,music building,CH11,2012,Nestling,129271079,-,,"May 30, 2012",,152,156,160,181,214,235,,,,,,,,,,,,,,,,,
43,CH11_2012,music building,CH11,2012,Nestling,129271080,-,,"May 30, 2012",,150,150,169,184,223,238,,,,,,,,,,,,,,,,,
43,CH11_2012,MUSIC BUILDING,CH11,2012,Female,129271089,YA/BPK,,"May 31, 2012",,152,156,160,175,223,235,,,,,,,,,,,,,,,,,
44,CH5_2011,IFAS 120,CH5,2011,Nestling,129271988,-,,"May 31, 2011",,151,153,169,178,223,232,,,,,,,,,,,,,,,,,
44,CH5_2011,IFAS 120,CH5,2011,Nestling,129271989,-,,"May 31, 2011",,152,154,160,181,214,235,,,,,,,,,,,,,,,,,
44,CH5_2011,IFAS 120,CH5,2011,Nestling,129271986,-,,"May 31, 2011",,154,156,160,182,214,235,,,,,,,,,,,,,,,,,
44,CH5_2011,IFAS 120,CH5,2011,Nestling,129271987,-,,"May 31, 2011",,154,158,160,182,214,235,,,,,,,,,,,,,,,,,
44,CH5_2011,,CH5,2011,Female,199117792,GA/GPK,,"May 29, 2011",,151,157,160,170,214,223,,,,,,,,,,,,,,,,,
44,CH5_2011,,CH5 ,2011,Male,199117795,GA/BLBL,,"June 3, 2011",,154,156,178,187,232,235,,,,,,,,,,,,,,,,,
45,CR20_2012,CGRC,CR20,2012,Female,129271090,YA/BW,,"June 11, 2012",,150,156,-9,-9,217,223,,,,,,,,,,,,,,,,,
45,CR20_2012,CGRC,CR20,2012,Nestling,129271091,-,,"June 11, 2012",,150,156,163,172,217,226,,,,,,,,,,,,,,,,,
45,CR20_2012,CGRC,CR20,2012,Nestling,129271092,-,,"June 11, 2012",,150,150,163,172,217,226,,,,,,,,,,,,,,,,,
45,CR20_2012,CGRC,CR20,2012,Nestling,129271093,-,,"June 11, 2012",,150,150,-9,-9,205,205,,,,,,,,,,,,,,,,,
45,CR20_2012,CGRC,CR20,2012,Nestling,129271094,-,,"June 11, 2012",,150,150,163,172,217,226,,,,,,,,,,,,,,,,,
45,CR20_2012,CGRC,CR20,2012,Nestling,129271095,-,,"June 11, 2012",,150,150,151,163,202,214,,,,,,,,,,,,,,,,,
46,DS1_2010,Tigert Hall , DS1,2010,Nestling,129271955,,,"April 8, 2010",,148,165,173,178,226,232,,,,,,,,,,,,,,,,,
46,DS1_2010,Tigert Hall ,DS1,2010,Nestling,129271956,-,,"April 8, 2010",,151,157,169,173,223,226,,,,,,,,,,,,,,,,,
46,DS1_2010,Tigert Hall ,DS1,2010,Nestling,129271957,-,,"April 8, 2010",,150,151,169,173,223,236,,,,,,,,,,,,,,,,,
46,DS1_2010,Tigert Hall,DS1,2010,Male,129271959,RA/YB,,"April 8, 2010",,150,157,169,178,223,232,,,,,,,,,,,,,,,,,
47,DS4_2010,Broward Beach,DS4,2010,Nestling,129271112,,,"May 26, 2010",,150,164,163,184,217,238,,,,,,,,,,,,,,,,,
47,DS4_2010,Broward Beach,DS4,2010,Nestling,129271113,,,"May 29, 2010",,150,152,163,181,217,235,,,,,,,,,,,,,,,,,
47,DS4_2010,Broward Beach,DS4,2010,Nestling,129271114,,,"May 29, 2010",,141,162,-9,-9,220,238,,,,,,,,,,,,,,,,,
47,DS4_2010,Broward Beach,DS4,2010,Nestling,129271115,,,"May 29, 2010",,150,169,181,184,235,238,,,,,,,,,,,,,,,,,
47,DS4_2010,Broward Beach,DS4,2010,Female,199117762,WA/GW,,"May 26, 2010",,152,168,166,181,220,235,,,,,,,,,,,,,,,,,
48,ER14_2014,Reitz Union,ER14,2014,Nestling,129271406,,,"June 17, 2014",,150,153,160,166,212,218,,,,,,,,,,,,,,,,,
48,ER14_2014,Reitz Union,ER14,2014,Nestling,129271407,,,"June 17, 2014",,150,150,160,169,222,222,,,,,,,,,,,,,,,,,
48,ER14_2014,Reitz Union,ER14,2014,Nestling,129271408,,,"June 17, 2014",,153,153,169,181,222,234,,,,,,,,,,,,,,,,,
48,ER14_2014,Reitz Union,ER14,2014,Adult,196172821,,,"June 18, 2014",,153,153,166,169,222,222,,,,,,,,,,,,,,,,,
49,GAL2_2011,Track Field AEPi,GAL2,2011,Nestling,129271184,-,,"May 1, 2011",,155,157,155,165,208,217,,,,,,,,,,,,,,,,,
49,GAL2_2011,Track Field AEPi,GAL2,2011,Nestling,129271185,-,,"May 1, 2011",,155,155,151,155,205,208,,,,,,,,,,,,,,,,,
49,GAL2_2011,Track Field AEPi,GAL2,2011,Nestling,129271186,-,,"May 1, 2011",,147,151,155,165,208,217,,,,,,,,,,,,,,,,,
49,GAL2_2011,,GAL2,2011,Female,199117781,GA/BBL,,"May 1, 2011",,147,153,154,169,208,214,,,,,,,,,,,,,,,,,
50,GL350_2009,N Bryan Hall,GL350,2009,Nestling,129271916,-,,"June 20, 2009",,148,152,172,172,226,226,,,,,,,,,,,,,,,,,
50,GL350_2009,N Bryan Hall,GL350,2009,Nestling,129271922,-,,"June 20, 2009",,148,152,172,172,223,226,,,,,,,,,,,,,,,,,
50,GL350_2009,N Bryan Hall,GL350,2009,Nestling,129271923,-,,"June 20, 2009",,151,168,172,175,226,226,,,,,,,,,,,,,,,,,
50,GL350_2009,N Bryan Hall,GL350,2009,Female,199117975,BA/YR,,"June 14, 2009",,152,168,172,175,226,229,,,,,,,,,,,,,,,,,
51,JAK2_2011,Physics East,JAK2,2011,Nestling,129271994,-,,"June 1, 2011",,148,164,154,172,208,226,,,,,,,,,,,,,,,,,
51,JAK2_2011,Physics East,JAK2,2011,Nestling,129271997,-,,"June 1, 2011",,148,148,153,172,208,226,,,,,,,,,,,,,,,,,
51,JAK2_2011,Physics East,JAK2,2011,Nestling,129271995,-,,"June 1, 2011",,151,164,154,173,208,226,,,,,,,,,,,,,,,,,
51,JAK2_2011,Physics East,JAK2,2011,Nestling,129271996,-,,"June 1, 2011",,163,164,154,154,208,226,,,,,,,,,,,,,,,,,
51,JAK2_2011,Physics East ,JAK2,2011,Male,none; preyed by coopers hawk ,,,"May 30, 2011",,148,164,169,173,223,226,,,,,,,,,,,,,,,,,
52,ZZ8_2014,IFAS,ZZ8,2014,,129271277,,,"May 5, 2014",,150,154,148,172,226,226,,,,,,,,,,,,,,,,,
52,ZZ8_2014,IFAS,ZZ8,2014,,129271276,,,"May 5, 2014",,150,154,172,177,224,228,,,,,,,,,,,,,,,,,
52,ZZ8_2014,IFAS,ZZ8,2014,,129271281,,,"May 6, 2014",,154,156,146,177,200,228,,,,,,,,,,,,,,,,,
52,ZZ8_2014,IFAS,ZZ8,2014,,129271278,,,"May 5, 2014",,150,156,164,175,218,228,,,,,,,,,,,,,,,,,
52,ZZ8_2014,IFAS,ZZ8,2014,,129271279,,,"May 5, 2014",,150,154,148,166,220,220,,,,,,,,,,,,,,,,,
53,ZZ4_2013,ICBR (South),ZZ4_2013,2013,Female,1961372807,RA/BG,,"June 16, 2013",,150,154,166,166,220,220,,,,,,,,,,,,,,,,,
53,ZZ4_2013,ICBR,ZZ4_2013,2013,Nestling,129271226,-,,"June 17, 2013",,152,156,166,166,220,220,,,,,,,,,,,,,,,,,
53,ZZ4_2013,ICBR,ZZ4_2013,2013,Nestling,129271227,-,,"June 17, 2013",,152,166,160,166,214,220,,,,,,,,,,,,,,,,,
53,ZZ4_2013,ICBR,ZZ4_2013,2013,Nestling,129271228,-,,"June 17, 2013",,152,156,166,166,220,220,,,,,,,,,,,,,,,,,
54,ZZ37_2014,ICBR,ZZ37,2014,,129271432,,,"July 5, 2014",,152,156,169,169,208,223,,,,,,,,,,,,,,,,,
54,ZZ37_2014,ICBR,ZZ37,2014,,129271433,,,"July 5, 2014",,152,156,154,169,208,208,,,,,,,,,,,,,,,,,
54,ZZ37_2014,ICBR,ZZ37,2014,,129271434,,,"July 5, 2014",,146,152,154,169,208,223,,,,,,,,,,,,,,,,,
54,ZZ37_2014,ICBR,ZZ37,2014,,129271435,,,"July 5, 2014",,144,156,154,154,208,208,,,,,,,,,,,,,,,,,
55,ZZ36_2014,SW Rec,ZZ36,2014,,129271443,,,"July 7, 2014",,148,150,166,175,220,229,,,,,,,,,,,,,,,,,
55,ZZ36_2014,SW Rec,ZZ36,2014,,129271445,,,"July 7, 2014",,148,162,166,175,220,229,,,,,,,,,,,,,,,,,
55,ZZ36_2014,SW Rec,ZZ36,2014,Adult,196172827,,,"July 7, 2014",,148,148,172,175,229,229,,,,,,,,,,,,,,,,,
55,ZZ36_2014,SW Rec,ZZ36,2014,,129271444,,,"July 7, 2014",,148,148,166,177,220,229,,,,,,,,,,,,,,,,,
56,ZZ33_2014,Reitz by Engineering,ZZ33,2014,nestling,129271451,,,"July 15, 2014",,148,164,151,154,208,208,,,,,,,,,,,,,,,,,
56,ZZ33_2014,Reitz by Engineering,ZZ33,2014,nestling,129271452,,,"July 15, 2014",,144,150,151,154,208,208,,,,,,,,,,,,,,,,,
56,ZZ33_2014,Reitz by Engineering,ZZ33,2014,nestling,129271453,,,"July 15, 2014",,150,152,154,169,208,208,,,,,,,,,,,,,,,,,
56,ZZ33_2014,Reitz by Engineering,ZZ33,2014,Adult,196172820,,,"July 10, 2014",,144,160,148,154,202,208,,,,,,,,,,,,,,,,,
57,ZZ32_2014,Reitz,ZZ32,2014,,129271448,,,"July 11, 2014",,146,164,154,154,208,238,,,,,,,,,,,,,,,,,
57,ZZ32_2014,Reitz,ZZ32,2014,,129271449,,,"July 11, 2014",,146,166,151,154,208,238,,,,,,,,,,,,,,,,,
57,ZZ32_2014,Reitz,ZZ32,2014,,129271450,,,"July 11, 2014",,146,168,151,154,208,208,,,,,,,,,,,,,,,,,
58,ZZ3_2014,Physics West,ZZ3,2014,nestling,129271270,,,"April 30, 2014",,146,164,175,178,230,240,,,,,,,,,,,,,,,,,
58,ZZ3_2014,Physics West,ZZ3,2014,nestling,129271271,,,"April 30, 2014",,146,164,169,178,222,230,,,,,,,,,,,,,,,,,
58,ZZ3_2014,Physics West,ZZ3,2014,nestling,129271272,,,"April 30, 2014",,158,164,154,169,206,222,,,,,,,,,,,,,,,,,
58,ZZ3_2014,Physics West,ZZ3,2014,Adult,196172818,,,"April 30, 2014",,148,158,154,178,208,232,,,,,,,,,,,,,,,,,
59,ZZ25_2014,Law School,ZZ25,2014,,129271401,,,"June 15, 2014",,158,158,154,172,206,224,,,,,,,,,,,,,,,,,
59,ZZ25_2014,Law School,ZZ25,2014,,129271402,,,"June 17, 2014",,156,156,148,172,200,224,,,,,,,,,,,,,,,,,
59,ZZ25_2014,Law School,ZZ25,2014,,129271403,,,"June 17, 2014",,156,156,148,154,200,206,,,,,,,,,,,,,,,,,
59,ZZ25_2014,Law School,ZZ25,2014,,129271404,,,"June 17, 2014",,152,156,154,154,206,206,,,,,,,,,,,,,,,,,
59,ZZ25_2014,Law School,ZZ25,2014,,129271405,,,"June 17, 2014",,152,156,154,172,206,224,,,,,,,,,,,,,,,,,
60,ZZ21_2014,Farrior Hall,ZZ21,2014,Nestling,129271417,,,"June 30, 2014",,154,158,178,181,232,235,,,,,,,,,,,,,,,,,
60,ZZ21_2014,Farrior Hall,ZZ21,2014,Nestling,129271418,,,"June 30, 2014",,152,158,178,181,232,235,,,,,,,,,,,,,,,,,
60,ZZ21_2014,Farrior Hall,ZZ21,2014,Nestling,129271419,,,"June 30, 2014",,154,158,178,181,232,235,,,,,,,,,,,,,,,,,
60,ZZ21_2014,Farrior Hall,ZZ21,2014,Nestling,129271420,,,"June 30, 2014",,152,154,151,178,205,232,,,,,,,,,,,,,,,,,
60,ZZ21_2014,Farrior Hall,ZZ21,2014,Adult,196172822,,,"June 28, 2014",,152,158,-9,-9,205,235,,,,,,,,,,,,,,,,,
61,ZZ17_2013,Bledsoe,ZZ17_2013,2013,Nestling,129271255,-,,"July 17, 2013",,150,162,166,169,218,218,,,,,,,,,,,,,,,,,
61,ZZ17_2013,Bledsoe,ZZ17_2013,2013,Nestling,129271256,-,,"July 17, 2013",,151,151,163,166,218,218,,,,,,,,,,,,,,,,,
61,ZZ17_2013,Bledsoe,ZZ17_2013,2013,Nestling,129271257,-,,"July 17, 2013",,144,150,154,166,208,220,,,,,,,,,,,,,,,,,
61,ZZ17_2013,Bledsoe,ZZ17_2013,2013,Female,1961372814,BLA/BLG,,"July 14, 2013",,150,150,166,181,220,235,,,,,,,,,,,,,,,,,
62,ZZ13_2013,Mount Vernon,ZZ13_2013,2013,Nestling,129271253,-,,"July 17, 2013",,148,158,148,160,202,214,,,,,,,,,,,,,,,,,
62,ZZ13_2013,Mount Vernon,ZZ13_2013,2013,Nestling,129271254,-,,"July 17, 2013",,144,148,160,166,214,220,,,,,,,,,,,,,,,,,
62,ZZ13_2013,Mount Vernon,ZZ13_2013,2013,Female,1961372815,BLA/BLBL,,"July 18, 2013",,148,158,160,160,214,214,,,,,,,,,,,,,,,,,
63,PSB7_2011,McCarty,PSB7_2011,2011,Nestling,129271190,-,,"May 3, 2011",,150,158,154,175,199,223,,,,,,,,,,,,,,,,,
63,PSB7_2011,McCarty,PSB7_2011,2011,Nestling,129271191,-,,"May 3, 2011",,150,158,151,175,208,229,,,,,,,,,,,,,,,,,
63,PSB7_2011,McCarty,PSB7_2011,2011,Nestling,129271192,-,,"May 3, 2011",,152,158,154,160,208,214,,,,,,,,,,,,,,,,,
63,PSB7_2011,,PSB7_2011,2011,Male,199117783,GA/GR,,"May 5, 2011",,151,157,154,166,214,229,,,,,,,,,,,,,,,,,
63,PSB7_2011,,PSB7_2011,2011,Female,199117971,BA/GPK,,"May 5, 2011",,151,160,154,175,208,229,,,,,,,,,,,,,,,,,
64,PSB6_2011,S Williamson,PSB6,2011,Female,199117788,GA/GG,,"May 18, 2011",,148,174,154,154,199,232,,,,,,,,,,,,,,,,,
64,PSB4_2011,Behind Physics Bldg,PSB4_2011,2011,Nestling,129271176,-,,"April 28, 2011",,148,166,162,166,208,220,,,,,,,,,,,,,,,,,
64,PSB4_2011,Behind Physics Bldg,PSB4_2011,2011,Nestling,129271177,-,,"April 28, 2011",,148,164,150,161,205,214,,,,,,,,,,,,,,,,,
64,PSB4_2011,Behind Physics Bldg,PSB4_2011,2011,Nestling,129271175,-,,"April 28, 2011",,148,156,166,166,208,220,,,,,,,,,,,,,,,,,
64,PSB4/MEK50_2011,,PSB4/MEK50_2011,2011,Female,129271962,RA/YY,,"June 5, 2011",,148,150,160,166,214,220,,,,,,,,,,,,,,,,,
65,PSB19_2012,Mc carty B,PSB19,2012,Nestling,129271074,,,"May 24, 2012",,146,150,165,176,217,229,,,,,,,,,,,,,,,,,
65,PSB19_2012,Mc carty B,PSB19,2012,Nestling,129271075,,,"May 24, 2012",,150,150,151,176,205,229,,,,,,,,,,,,,,,,,
65,PSB19_2012,Mc carty B,PSB19,2012,Nestling,129271076,,,"May 24, 2012",,148,156,165,175,217,229,,,,,,,,,,,,,,,,,
65,PSB19_2012,MC CARTY A,PSB19,2012,Adult,129271099,,,"May 25, 2012",,146,150,151,165,205,217,,,,,,,,,,,,,,,,,
66,PSB10_2011,Weil West,PSB10_2011,2011,Nestling,129271979,-,,"May 22, 2011",,148,148,178,178,232,238,,,,,,,,,,,,,,,,,
66,PSB10_2011,Weil West,PSB10_2011,2011,Nestling,129271980,-,,"May 22, 2011",,148,153,175,178,229,232,,,,,,,,,,,,,,,,,
66,PSB10_2011,Weil West,PSB10_2011,2011,Nestling,129271981,-,,"May 22, 2011",,148,148,160,166,220,238,,,,,,,,,,,,,,,,,
66,PSB10_2011,Weil West,PSB10_2011,2011,Male,199117790,GA/GY,,"May 22, 2011",,148,162,166,178,220,232,,,,,,,,,,,,,,,,,
67,OT9_2010,S Fl Gym,OT9_2010,2010,Nestling,129271122,-,4,"May 31, 2010",,144,164,154,176,206,228,,,,,,,,,,,,,,,,,
67,OT9_2010,S Fl Gym,OT9_2010,2010,Nestling,129271124,-,4,"May 31, 2010",,144,164,176,176,226,228,,,,,,,,,,,,,,,,,
67,OT9_2010,S Fl Gym,OT9_2010,2010,Nestling,129271125,-,4,"May 31, 2010",,146,154,165,176,216,228,,,,,,,,,,,,,,,,,
67,OT9_2010,S Fl Gym,OT9_2010,2010,Nestling,129271126,-,4,"May 31, 2010",,148,154,154,176,206,228,,,,,,,,,,,,,,,,,
67,OT9_2010,S Fl Gym ,OT9_2010,2010,Male,129271914,BA/RW,,"May 30, 2010",,152,162,154,176,206,228,,,,,,,,,,,,,,,,,
68,OT5_2010,VA Parking Garage,OT5_2010,2010,Female,129271961,RA/YBL,,"May 6, 2010",,154,168,154,169,208,223,,,,,,,,,,,,,,,,,
68,OT5_2010,VA Parking Garage,OT5_2010,2010,Nestling,129271963,-,,"May 5, 2010",,148,168,154,154,196,208,,,,,,,,,,,,,,,,,
68,OT5_2010,VA Parking Garage,OT5_2010,2010,Nestling,129271964,-,,"May 5, 2010",,148,168,154,169,208,223,,,,,,,,,,,,,,,,,
69,OT3_2010,Physics Bldg,OT3_2010,2010,Female,129271962,RA/YY,,"May 6, 2010",,148,150,160,166,214,220,,,,,,,,,,,,,,,,,
69,OT3_2010,S Physics Building,OT3_2010,2010,Nestling,129271965,-,,"May 11, 2010",,150,164,154,166,206,218,,,,,,,,,,,,,,,,,
69,OT3_2010,S Physics Building,OT3_2010,2010,Nestling,129271967,-,,"May 11, 2010",,150,164,148,160,206,218,,,,,,,,,,,,,,,,,
69,OT3_2010,S Physics Building,OT3_2010,2010,Nestling,129271968,-,,"May 11, 2010",,150,164,139,154,206,218,,,,,,,,,,,,,,,,,
69,OT3_2010,S Physics Building,OT3_2010,2010,Nestling,129271969,-,,"May 11, 2010",,148,164,148,160,206,218,,,,,,,,,,,,,,,,,
70,MW2_2014,Reitz/Willamson,MW2,2014,Nestling,129271297,,,"April 7, 2014",,153,164,155,162,206,216,,,,,,,,,,,,,,,,,
70,MW2_2014,Reitz/Willamson,MW2,2014,Nestling,129271298,,,"April 7, 2014",,148,162,155,176,206,228,,,,,,,,,,,,,,,,,
70,MW2_2014,Reitz/Willamson,MW2,2014,Nestling,129271299,,,"April 7, 2014",,153,170,155,176,206,228,,,,,,,,,,,,,,,,,
70,MW2_2014,Reitz/Willamson,MW2,2014,Adult,196172817,,,"April 8, 2014",,153,153,165,176,216,228,,,,,,,,,,,,,,,,,
71,MP5_2010,,MP5_2010,2010,Nestling,129271136,-,,"June 11, 2010",,152,156,154,170,199,217,,,,,,,,,,,,,,,,,
71,MP5_2010,,MP5_2010,2010,Nestling,129271134,-,,"June 11, 2010",,153,154,154,166,199,214,,,,,,,,,,,,,,,,,
71,MP5_2010,,MP5_2010,2010,Nestling,129271133,-,,"June 11, 2010",,154,166,157,166,208,218,,,,,,,,,,,,,,,,,
71,MP5_2010,,MP5_2010,2010,Female,129271137,GA/RY,,"June 11, 2010",,152,168,166,171,220,223,,,,,,,,,,,,,,,,,
71,MP5_2010,,MP5_2010,2010,Nestling,129271135,-,,"June 11, 2010",,153,154,-9,-9,202,214,,,,,,,,,,,,,,,,,
72,MEK7_2011,Median by SW Gym and Volley ball,MEK7_2011,2011,Nestling,129271146,-,,"March 28, 2011",,148,152,170,183,223,235,,,,,,,,,,,,,,,,,
72,MEK7_2011,Median by SW Gym and Volley ball,MEK7_2011,2011,Nestling,129271147,-,,"March 28, 2011",,154,156,170,183,223,235,,,,,,,,,,,,,,,,,
72,MEK7_2011,Median by SW Gym and Volley ball,MEK7_2011,2011,Nestling,129271148,-,,"March 28, 2011",,152,156,173,183,226,235,,,,,,,,,,,,,,,,,
72,MEK7_2011,Median by SW Gym and Volley ball,MEK7_2011,2011,Nestling,129271149,-,,"March 28, 2011",,152,156,169,183,223,235,,,,,,,,,,,,,,,,,
72,MEK7_2011,Median by SW Gym and Volley ball,MEK7_2011,2011,Female,199117985,RA/YG,,"March 28, 2011",,150,156,170,173,223,226,,,,,,,,,,,,,,,,,
73,MEK51_2011,Genetics ,MEK51_2011,2011,Male,129271047,RA/BY,,"June 18, 2011",,156,156,172,181,226,235,,,,,,,,,,,,,,,,,
73,MEK51_2011,Genetics ,MEK51_2011,2011,Nestling,129271038,-,,"June 13, 2011",,152,156,166,173,220,226,,,,,,,,,,,,,,,,,
73,MEK51_2011,Genetics ,MEK51_2011,2011,Nestling,129271039,-,,"June 13, 2011",,150,156,166,181,220,235,,,,,,,,,,,,,,,,,
73,MEK51_2011,Genetics ,MEK51_2011,2011,Nestling,129271040,-,,"June 13, 2011",,148,156,154,175,220,235,,,,,,,,,,,,,,,,,
73,MEK51_2011,Genetics ,MEK51_2011,2011,Nestling,129271041,-,,"June 13, 2011",,148,156,166,173,220,226,,,,,,,,,,,,,,,,,
73,MEK51_2011,Genetics ,MEK51_2011,2011,Female,129291046,GA/BLG,,"June 18, 2011",,146,150,166,166,220,220,,,,,,,,,,,,,,,,,
74,MEK49_2011,N Hume/N Radio,MEK49,2011,,129271035,,,"June 11, 2011",,150,156,166,176,229,229,,,,,,,,,,,,,,,,,
74,MEK49_2011,N Hume/N Radio,MEK49,2011,,129271036,,,"June 11, 2011",,153,168,173,176,229,229,,,,,,,,,,,,,,,,,
74,MEK49_2011,N Hume/N Radio,MEK49,2011,,129271037,,,"June 11, 2011",,150,156,176,176,220,229,,,,,,,,,,,,,,,,,
75,MEK45_2011,Simpson Hall,MEK45_2011,2011,Nestling,129271978,-,,"May 22, 2011",,154,174,154,169,208,223,,,,,,,,,,,,,,,,,
75,MEK45_2011,Simpson Hall,MEK45_2011,2011,Nestling,129271976,-,,"May 22, 2011",,150,168,154,169,208,223,,,,,,,,,,,,,,,,,
75,MEK45_2011,Simpson Hall,MEK45_2011,2011,Nestling,129271977,-,,"May 22, 2011",,150,174,154,160,208,214,,,,,,,,,,,,,,,,,
76,MEK32_2011,O'Dome,MEK32_2011,2011,Nestling,129271196,-,,"May 12, 2011",,150,150,179,183,232,235,,,,,,,,,,,,,,,,,
76,MEK32_2011,O'Dome,MEK32_2011,2011,Nestling,129271197,-,,"May 12, 2011",,148,150,176,183,229,235,,,,,,,,,,,,,,,,,
76,MEK32_2011,O'Dome,MEK32_2011,2011,Nestling,129271198,-,,"May 12, 2011",,150,156,179,183,232,235,,,,,,,,,,,,,,,,,
76,MEK32_2011,O'Dome,MEK32_2011,2011,Female,199117787,GA/GB,,"May 12, 2011",,150,156,176,179,229,232,,,,,,,,,,,,,,,,,
77,MEK26_2011,W. of Hub E. Williamson,MEK26_2011,2011,Male,199117780,GA/BW,,"April 29, 2011",,152,156,155,159,208,211,,,,,,,,,,,,,,,,,
77,MEK26_2011,W. of Hub E. Williamson,MEK26_2011,2011,Female,199117910,AB/BLW,,"April 29, 2011",,146,150,171,176,223,229,,,,,,,,,,,,,,,,,
77,MEK26_2011,W. of Hub E. Williamson,MEK26_2011,2011,Nestling,none A,-,,"April 29, 2011",,150,150,155,176,208,229,,,,,,,,,,,,,,,,,
77,MEK26_2011,W. of Hub E. Williamson,MEK26_2011,2011,Nestling,none B,-,,"April 29, 2011",,150,154,155,171,208,223,,,,,,,,,,,,,,,,,
77,MEK26_2011,W. of Hub E. Williamson,MEK26_2011,2011,Nestling,none C,-,,"April 29, 2011",,148,154,159,171,211,223,,,,,,,,,,,,,,,,,
78,MEK21_2011,Hub,MEK21_2011,2011,Female,129271137,GA/RY,,"April 13, 2011",,152,168,166,171,220,223,,,,,,,,,,,,,,,,,
78,MEK21_2011,Hub,MEK21_2011,2011,Nestling,129271163,-,,"April 15, 2011",,152,152,152,168,208,223,,,,,,,,,,,,,,,,,
78,MEK21_2011,Hub,MEK21_2011,2011,Nestling,129271164,-,,"April 15, 2011",,152,168,155,166,208,220,,,,,,,,,,,,,,,,,
78,MEK21_2011,Hub,MEK21_2011,2011,Nestling,129271165,-,,"April 15, 2011",,152,152,152,165,208,220,,,,,,,,,,,,,,,,,
79,MEK19_2011,North Flint Hall,MEK19_2011,2011,Nestling,129271161,-,,"April 13, 2011",,152,168,148,160,202,214,,,,,,,,,,,,,,,,,
79,MEK19_2011,North Flint Hall,MEK19_2011,2011,Nestling,129271162,-,,"April 13, 2011",,152,152,148,160,202,214,,,,,,,,,,,,,,,,,
79,MEK19_2011,Flint,MEK19_2011,2011,Female,199117779,GA/BG,,"April 15, 2011",,152,156,148,151,202,205,,,,,,,,,,,,,,,,,
80,MEK13_2011,Broward N,MEK13_2011,2011,Nestling,129271166,-,,"April 16, 2011",,140,140,151,170,204,222,,,,,,,,,,,,,,,,,
80,MEK13_2011,Broward N,MEK13_2011,2011,Nestling,129271167,-,,"April 16, 2011",,140,140,170,173,222,224,,,,,,,,,,,,,,,,,
80,MEK13_2011,Broward N,MEK13_2011,2011,Nestling,129271168,-,,"April 16, 2011",,148,156,170,173,223,226,,,,,,,,,,,,,,,,,
80,MEK13_2011,Broward N,MEK13_2011,2011,Nestling,129271169,-,,"April 16, 2011",,150,158,151,168,205,223,,,,,,,,,,,,,,,,,
80,MEK13_2011,Broward,MEK13_2011,2011,Female,199117777,RA/BLPK,,"April 13, 2011",,140,150,170,173,222,226,,,,,,,,,,,,,,,,,
81,MEK1_2011,Reitz Union Bike Shop,MEK1_2011,2011,Male,123279033,GA/GW,,"April 5, 2011",,164,170,154,154,205,208,,,,,,,,,,,,,,,,,
81,MEK1_2011,Reitz Union Bike Shop,MEK1_2011,2011,Nestling,129271155,-,,"April 5, 2011",,152,157,173,175,226,229,,,,,,,,,,,,,,,,,
81,MEK1_2011,Reitz Union Bike Shop,MEK1_2011,2011,Nestling,129271156,-,,"April 5, 2011",,156,156,173,175,226,229,,,,,,,,,,,,,,,,,
81,MEK1_2011,Reitz Union Bike Shop,MEK1_2011,2011,Nestling,129271160,-,,"April 5, 2011",,156,170,151,173,206,228,,,,,,,,,,,,,,,,,
82,MD1_2013,Carl Miles,MD1_2013,2013,Nestling,129271218,-,,"June 3, 2013",,152,154,169,184,223,238,,,,,,,,,,,,,,,,,
82,MD1_2013,Carl Miles,MD1_2013,2013,Nestling,129271219,-,,"June 3, 2013",,150,156,172,175,226,229,,,,,,,,,,,,,,,,,
82,MD1_2013,Carl Miles,MD1_2013,2013,Nestling,129271220,-,,"June 3, 2013",,150,156,172,175,226,229,,,,,,,,,,,,,,,,,
82,MD1_2013,Carl Miles,MD1_2013,2013,Nestling,129271221,-,,"June 3, 2013",,154,156,151,184,205,238,,,,,,,,,,,,,,,,,
82,MD1_2013,USDA Facility,MD1_2013,2013,Female,1961372804,BA/RW,,"June 6, 2013",,150,154,175,184,229,238,,,,,,,,,,,,,,,,,
83,MC5_2010,Hub,MC5,2010,Nestling,129271119,,,"June 7, 2010",,155,166,160,169,214,223,,,,,,,,,,,,,,,,,
83,MC5_2010,Hub,MC5,2010,Nestling,129271120,,,"June 7, 2010",,152,156,160,175,214,229,,,,,,,,,,,,,,,,,
83,MC5_2010,Hub,MC5,2010,Nestling,129271121,,,"June 7, 2010",,150,168,169,169,214,223,,,,,,,,,,,,,,,,,
83,MC5_2010,Hub,MC5,2010,Nestling,129271123,,,"June 7, 2010",,155,166,160,169,214,223,,,,,,,,,,,,,,,,,
83,MC5_2010,Hub ,MC5 ,2010,Female,199117982,BA/BLR,,"June 1, 2010",,150,156,169,175,223,229,,,,,,,,,,,,,,,,,
84,KGR6_2011,Reitz Union Bike Shop,KGR6,2011,Male,123279033,,,"May 30, 2011",,164,170,154,154,205,208,,,,,,,,,,,,,,,,,
84,KGR6_2011,Reitz Union Bike Shop,KGR6_2011,2011,Nestling,129271990,,,"June 1, 2011",,162,168,154,170,208,223,,,,,,,,,,,,,,,,,
84,KGR6_2011,Reitz Union Bike Shop,KGR6_2011,,Nestling,129271991,,,"June 1, 2011",,154,170,154,170,208,223,,,,,,,,,,,,,,,,,
84,KGR6_2011,Reitz Union Bike Shop,KGR6_2011,,Nestling,129271993,,,"June 1, 2011",,162,162,154,170,208,223,,,,,,,,,,,,,,,,,
84,KGR6_2011,Reitz Union Bike Shop,KGR6_2011,,Female,199117793,GA/BLR,,"May 30, 2011",,154,164,170,176,223,229,,,,,,,,,,,,,,,,,
85,JUM4_2013,SWRC SW Corner,JUM4,2013,Adult,196172805,,,"June 15, 2013",,156,164,166,175,220,229,,,,,,,,,,,,,,,,,
85,JUM4_2013,SWRC,JUM4_2013,2013,Nestling,129271232,,,"June 17, 2013",,150,166,163,166,217,220,,,,,,,,,,,,,,,,,
85,JUM4_2013,SWRC,JUM4_2013,2013,Nestling,129271233,,,"June 17, 2013",,150,166,154,166,199,214,,,,,,,,,,,,,,,,,
86,JUM1_2011,S. Water Reclammation Bldg,JUM1_2011,2011,Nestling,129271153,,,"April 1, 2011",,156,166,166,171,223,241,,,,,,,,,,,,,,,,,
86,JUM1_2011,S. Water Reclammation Bldg,JUM1_2011,2011,Nestling,129271154,,,"April 1, 2011",,148,166,171,182,223,235,,,,,,,,,,,,,,,,,
86,JUM1_2011,Water Facilitation,JUM1_2011,,Female,199117797,GA/RW,,"March 30, 2011",,152,166,165,171,216,222,,,,,,,,,,,,,,,,,
86,JUM1_2011,S. Water Reclammation Bldg,JUM1_2011,2011,Nestling,129271152,,,"April 1, 2011",,152,156,165,165,217,241,,,,,,,,,,,,,,,,,
87,JRG9_2011,N Mechanical Engineering Lab,JRG9,2011,Nestling,129271054,-,,"June 26, 2011",,151,163,180,180,232,238,,,,,,,,,,,,,,,,,
87,JRG9_2011,N Mechanical Engineering Lab,JRG9,2011,Female,199117933,AG/YPK,,"June 22, 2011",,151,156,176,176,229,238,,,,,,,,,,,,,,,,,
88,JRG4_2011,N of Stadium,JRG4,2011,Male,199117794,GA/BLG,,"June 1, 2011",,156,156,169,169,208,208,,,,,,,,,,,,,,,,,
88,JRG4_2011,N of Stadium,JRG4,2011,Nestling,129271001,-,,"June 7, 2011",,148,170,166,170,208,208,,,,,,,,,,,,,,,,,
88,JRG4_2011,N of Stadium,JRG4,2011,Nestling,129271002,-,,"June 7, 2011",,166,166,170,173,222,238,,,,,,,,,,,,,,,,,
88,JRG4_2011,N of Stadium,JRG4,2011,Nestling,129271003,-,,"June 7, 2011",,156,172,166,170,220,223,,,,,,,,,,,,,,,,,
88,JRG4_2011,N of Stadium,JRG4,2011,Nestling,129271004,-,,"June 7, 2011",,150,168,170,170,208,208,,,,,,,,,,,,,,,,,
88,JRG4_2011,N of Stadium,JRG4,2011,Female,199117796,RA/BG,,"June 7, 2011",,146,168,166,170,220,222,,,,,,,,,,,,,,,,,
89,JP1_2011,Micro bio N,JP1,2011,Nestling,129271159,-,,"April 9, 2011",,150,156,166,170,220,223,,,,,,,,,,,,,,,,,
89,JP1_2011,Micro bio N,JP1,2011,Nestling,129271157,-,,"April 9, 2011",,156,164,166,171,218,222,,,,,,,,,,,,,,,,,
89,JP1_2011,Micro bio N,JP1,2011,Nestling,129271158,-,,"April 9, 2011",,151,151,171,188,223,241,,,,,,,,,,,,,,,,,
89,JP1_2011,Microbio North,JP1,2011,Female,199117748,GA/BR,,"April 7, 2011",,151,156,166,188,220,241,,,,,,,,,,,,,,,,,
,RW1_2011,Simpson Hall,RW1_2011,2011,,199117776,RA/BR,,"April 2, 2011",,152,168,153,161,204,210,,,,,,,,,,,,,,,,,
